{
    "SerialNumber": "TSDPB20S10AV011220",
    "MeasurementDateTime": "20251101_144948",
    "Results": {
        "Brightness": 308.1,
        "BrightnessUniformity": 75.61056105610561,
        "CgByAreaRGB": 124.04149933065598,
        "CgByAreaNTSC": 87.85619469026548,
        "CgRGB": 99.78745129179946,
        "CgNTSC": 78.4043794022781,
        "Contrast": 8137.25,
        "Temperature": 7607.0,
        "DeltaE": 3.2806390161828123,
        "Coordinates": {
            "Red_x": 0.673,
            "Red_y": 0.307,
            "Green_x": 0.281,
            "Green_y": 0.65,
            "Blue_x": 0.154,
            "Blue_y": 0.052,
            "Center_x": 0.282,
            "Center_y": 0.286
        }
    }
}