{
    "SerialNumber": "TSDPB20S10AV011158",
    "MeasurementDateTime": "20251101_142626",
    "Results": {
        "Brightness": 303.2,
        "BrightnessUniformity": 75.53452506133894,
        "CgByAreaRGB": 123.3690316822847,
        "CgByAreaNTSC": 87.37989886219975,
        "CgRGB": 99.8003760653181,
        "CgNTSC": 78.17758340476463,
        "Contrast": 7137.83,
        "Temperature": 8264.0,
        "DeltaE": 3.5165192704698645,
        "Coordinates": {
            "Red_x": 0.672,
            "Red_y": 0.307,
            "Green_x": 0.281,
            "Green_y": 0.649,
            "Blue_x": 0.154,
            "Blue_y": 0.053,
            "Center_x": 0.276,
            "Center_y": 0.281
        }
    }
}