{
    "SerialNumber": "TSDPB20S10AV011134",
    "MeasurementDateTime": "20251101_143017",
    "Results": {
        "Brightness": 290.5,
        "BrightnessUniformity": 75.90404582885786,
        "CgByAreaRGB": 124.1021865238733,
        "CgByAreaNTSC": 87.89917825537296,
        "CgRGB": 99.74826952924197,
        "CgNTSC": 77.97801907994433,
        "Contrast": 10441.62,
        "Temperature": 8025.0,
        "DeltaE": 4.091855199512354,
        "Coordinates": {
            "Red_x": 0.673,
            "Red_y": 0.306,
            "Green_x": 0.282,
            "Green_y": 0.649,
            "Blue_x": 0.154,
            "Blue_y": 0.05,
            "Center_x": 0.278,
            "Center_y": 0.278
        }
    }
}