{
    "SerialNumber": "TSDPB20S10AV011182",
    "MeasurementDateTime": "20251101_144223",
    "Results": {
        "Brightness": 312.8,
        "BrightnessUniformity": 70.55027173913044,
        "CgByAreaRGB": 122.53949129852748,
        "CgByAreaNTSC": 86.79235145385589,
        "CgRGB": 99.79792868057112,
        "CgNTSC": 77.6614787595741,
        "Contrast": 10678.9,
        "Temperature": 7881.0,
        "DeltaE": 4.496489257143647,
        "Coordinates": {
            "Red_x": 0.673,
            "Red_y": 0.307,
            "Green_x": 0.283,
            "Green_y": 0.646,
            "Blue_x": 0.154,
            "Blue_y": 0.054,
            "Center_x": 0.281,
            "Center_y": 0.283
        }
    }
}