{
    "SerialNumber": "TSDRB20S10AV006471",
    "MeasurementDateTime": "20251030_111541",
    "Results": {
        "Brightness": 343.6,
        "BrightnessUniformity": 69.25795053003533,
        "CgByAreaRGB": 128.4649709950915,
        "CgByAreaNTSC": 90.98925410872315,
        "CgRGB": 99.74209914853769,
        "CgNTSC": 80.62166336307772,
        "Contrast": 4740.67,
        "Temperature": 8833.0,
        "DeltaE": 6.8639735580203185,
        "Coordinates": {
            "Red_x": 0.666,
            "Red_y": 0.304,
            "Green_x": 0.272,
            "Green_y": 0.67,
            "Blue_x": 0.155,
            "Blue_y": 0.048,
            "Center_x": 0.271,
            "Center_y": 0.286
        }
    }
}