{
    "SerialNumber": "TSDRB20S10AV006438",
    "MeasurementDateTime": "20251030_110133",
    "Results": {
        "Brightness": 356.9,
        "BrightnessUniformity": 71.57805429864253,
        "CgByAreaRGB": 128.12271307452033,
        "CgByAreaNTSC": 90.7468394437421,
        "CgRGB": 99.707074013271,
        "CgNTSC": 80.15109210243885,
        "Contrast": 3756.25,
        "Temperature": 8721.0,
        "DeltaE": 2.8427279403861436,
        "Coordinates": {
            "Red_x": 0.666,
            "Red_y": 0.303,
            "Green_x": 0.273,
            "Green_y": 0.668,
            "Blue_x": 0.155,
            "Blue_y": 0.047,
            "Center_x": 0.271,
            "Center_y": 0.283
        }
    }
}