{
    "SerialNumber": "TSDRB20S10AV006585",
    "MeasurementDateTime": "20251030_114303",
    "Results": {
        "Brightness": 358.8,
        "BrightnessUniformity": 67.601246105919,
        "CgByAreaRGB": 127.6662204373048,
        "CgByAreaNTSC": 90.42351453855879,
        "CgRGB": 99.6254522740615,
        "CgNTSC": 79.59394119887784,
        "Contrast": 4860.42,
        "Temperature": 9052.0,
        "DeltaE": 6.510637460349087,
        "Coordinates": {
            "Red_x": 0.667,
            "Red_y": 0.303,
            "Green_x": 0.276,
            "Green_y": 0.667,
            "Blue_x": 0.156,
            "Blue_y": 0.047,
            "Center_x": 0.272,
            "Center_y": 0.279
        }
    }
}