{
    "SerialNumber": "TSDRB20S10AV006461",
    "MeasurementDateTime": "20251030_110630",
    "Results": {
        "Brightness": 335.3,
        "BrightnessUniformity": 73.02993280390959,
        "CgByAreaRGB": 127.8335564480143,
        "CgByAreaNTSC": 90.5420353982301,
        "CgRGB": 99.71438326075244,
        "CgNTSC": 80.0575196387363,
        "Contrast": 4164.32,
        "Temperature": 8468.0,
        "DeltaE": 5.972577861256799,
        "Coordinates": {
            "Red_x": 0.666,
            "Red_y": 0.303,
            "Green_x": 0.274,
            "Green_y": 0.668,
            "Blue_x": 0.155,
            "Blue_y": 0.048,
            "Center_x": 0.273,
            "Center_y": 0.285
        }
    }
}