{
    "SerialNumber": "TSDRB20S10AV005786",
    "MeasurementDateTime": "20251030_111915",
    "Results": {
        "Brightness": 348.1,
        "BrightnessUniformity": 67.10758377425044,
        "CgByAreaRGB": 127.24051762605981,
        "CgByAreaNTSC": 90.12199747155499,
        "CgRGB": 99.5777393906303,
        "CgNTSC": 79.66601978944044,
        "Contrast": 4788.74,
        "Temperature": 8833.0,
        "DeltaE": 6.381533273150091,
        "Coordinates": {
            "Red_x": 0.663,
            "Red_y": 0.303,
            "Green_x": 0.274,
            "Green_y": 0.669,
            "Blue_x": 0.156,
            "Blue_y": 0.047,
            "Center_x": 0.271,
            "Center_y": 0.285
        }
    }
}