{
    "SerialNumber": "TSDSB20S10AV008147",
    "MeasurementDateTime": "20251028_143743",
    "Results": {
        "Brightness": 321.1,
        "BrightnessUniformity": 68.4139330402435,
        "CgByAreaRGB": 127.93618920124948,
        "CgByAreaNTSC": 90.61472819216183,
        "CgRGB": 99.70472631549615,
        "CgNTSC": 79.41441026615212,
        "Contrast": 1061.22,
        "Temperature": 9625.0,
        "DeltaE": 6.987973305531093,
        "Coordinates": {
            "Red_x": 0.679,
            "Red_y": 0.306,
            "Green_x": 0.281,
            "Green_y": 0.655,
            "Blue_x": 0.154,
            "Blue_y": 0.046,
            "Center_x": 0.278,
            "Center_y": 0.284
        }
    }
}