{
    "SerialNumber": "TSDSB20S10AV006005",
    "MeasurementDateTime": "20251028_145242",
    "Results": {
        "Brightness": 303.2,
        "BrightnessUniformity": 78.39214259730812,
        "CgByAreaRGB": 128.264614011602,
        "CgByAreaNTSC": 90.84734513274336,
        "CgRGB": 99.70472631549615,
        "CgNTSC": 79.40104967635114,
        "Contrast": 1245.23,
        "Temperature": 9097.0,
        "DeltaE": 4.070969412809999,
        "Coordinates": {
            "Red_x": 0.68,
            "Red_y": 0.305,
            "Green_x": 0.281,
            "Green_y": 0.655,
            "Blue_x": 0.154,
            "Blue_y": 0.046,
            "Center_x": 0.28,
            "Center_y": 0.287
        }
    }
}