{
    "SerialNumber": "TSDSB20S10AV008101",
    "MeasurementDateTime": "20251028_141415",
    "Results": {
        "Brightness": 329.9,
        "BrightnessUniformity": 69.70006816632585,
        "CgByAreaRGB": 127.13788487282467,
        "CgByAreaNTSC": 90.04930467762328,
        "CgRGB": 99.6910805555797,
        "CgNTSC": 78.83809545512126,
        "Contrast": 1155.24,
        "Temperature": 9169.0,
        "DeltaE": 6.65596878162,
        "Coordinates": {
            "Red_x": 0.678,
            "Red_y": 0.305,
            "Green_x": 0.282,
            "Green_y": 0.653,
            "Blue_x": 0.154,
            "Blue_y": 0.046,
            "Center_x": 0.279,
            "Center_y": 0.284
        }
    }
}