{
    "SerialNumber": "TSDSB20S10AV008490",
    "MeasurementDateTime": "20251028_142325",
    "Results": {
        "Brightness": 323.1,
        "BrightnessUniformity": 70.0,
        "CgByAreaRGB": 127.58589915216425,
        "CgByAreaNTSC": 90.36662452591658,
        "CgRGB": 99.67429165125823,
        "CgNTSC": 78.90025971382772,
        "Contrast": 1115.01,
        "Temperature": 9230.0,
        "DeltaE": 6.676011415583776,
        "Coordinates": {
            "Red_x": 0.679,
            "Red_y": 0.305,
            "Green_x": 0.282,
            "Green_y": 0.653,
            "Blue_x": 0.154,
            "Blue_y": 0.045,
            "Center_x": 0.279,
            "Center_y": 0.283
        }
    }
}