{
    "SerialNumber": "TSDSB20S10AV008151",
    "MeasurementDateTime": "20251028_144501",
    "Results": {
        "Brightness": 322.5,
        "BrightnessUniformity": 69.62491627595445,
        "CgByAreaRGB": 127.72423025435077,
        "CgByAreaNTSC": 90.46460176991151,
        "CgRGB": 99.69634129761218,
        "CgNTSC": 79.25932669924009,
        "Contrast": 1130.6,
        "Temperature": 9801.0,
        "DeltaE": 6.875012686720026,
        "Coordinates": {
            "Red_x": 0.678,
            "Red_y": 0.306,
            "Green_x": 0.28,
            "Green_y": 0.654,
            "Blue_x": 0.154,
            "Blue_y": 0.045,
            "Center_x": 0.277,
            "Center_y": 0.283
        }
    }
}