{
    "SerialNumber": "TSDTB20S10AV001098",
    "MeasurementDateTime": "20251107_160500",
    "Results": {
        "Brightness": 390.9,
        "BrightnessUniformity": 76.46012451823302,
        "CgByAreaRGB": 119.24854975457389,
        "CgByAreaNTSC": 84.46144121365361,
        "CgRGB": 99.64060632928862,
        "CgNTSC": 80.350096225959,
        "Contrast": 6961.63,
        "Temperature": 7907.0,
        "DeltaE": 5.054930293107892,
        "Coordinates": {
            "Red_x": 0.666,
            "Red_y": 0.321,
            "Green_x": 0.272,
            "Green_y": 0.637,
            "Blue_x": 0.142,
            "Blue_y": 0.063,
            "Center_x": 0.279,
            "Center_y": 0.295
        }
    }
}