{
    "SerialNumber": "TSDTB20S10AV000871",
    "MeasurementDateTime": "20251107_161749",
    "Results": {
        "Brightness": 391.5,
        "BrightnessUniformity": 84.47814451382695,
        "CgByAreaRGB": 119.6001784917448,
        "CgByAreaNTSC": 84.71049304677624,
        "CgRGB": 99.87404790651227,
        "CgNTSC": 79.94968647918743,
        "Contrast": 8730.04,
        "Temperature": 8431.0,
        "DeltaE": 5.247433082604862,
        "Coordinates": {
            "Red_x": 0.666,
            "Red_y": 0.32,
            "Green_x": 0.272,
            "Green_y": 0.636,
            "Blue_x": 0.142,
            "Blue_y": 0.06,
            "Center_x": 0.276,
            "Center_y": 0.286
        }
    }
}