{
    "SerialNumber": "TSDTB20S10AV000925",
    "MeasurementDateTime": "20251107_162418",
    "Results": {
        "Brightness": 389.6,
        "BrightnessUniformity": 79.76983646274985,
        "CgByAreaRGB": 120.27443105756362,
        "CgByAreaNTSC": 85.18805309734515,
        "CgRGB": 99.73167481676565,
        "CgNTSC": 80.8362283912865,
        "Contrast": 8268.09,
        "Temperature": 8247.0,
        "DeltaE": 4.822499631450913,
        "Coordinates": {
            "Red_x": 0.665,
            "Red_y": 0.32,
            "Green_x": 0.271,
            "Green_y": 0.641,
            "Blue_x": 0.142,
            "Blue_y": 0.062,
            "Center_x": 0.275,
            "Center_y": 0.293
        }
    }
}